id;active;customer_name;email;password;record_wpm;photo;created_at
1;Assistant;Market;Michelle63@hotmail.com;Bedfordshire Rustic;88056;pricing;2022-12-26
2;auxiliary experiences;Sahara;Kassandra_Huel4@yahoo.com;Tennessee Chile Extended;77288;mobile Direct Villages;2022-12-25
3;partnerships Uzbekistan intelligence;Ergonomic Generic bluetooth;Raymond30@gmail.com;Tennessee Handmade violet;9251;Small Renminbi plum;2022-12-25
4;multi-tasking Investment Electronics;redundant;Lupe16@hotmail.com;RSS COM;76782;Handcrafted FTP;2022-12-26
5;Re-engineered;hacking;Joe.Kilback@gmail.com;fuchsia override;46210;Outdoors transparent;2022-12-25
6;Cliff Metrics;redefine;Regan13@yahoo.com;experiences Sausages;4162;Central overriding;2022-12-25
7;Ball up;connecting;Colt90@yahoo.com;intuitive black Small;78294;Web;2022-12-25
8;Analyst;SAS Personal Egypt;Korbin_Koss48@hotmail.com;Internal deposit haptic;90758;Meadows Brand;2022-12-25
9;reboot;scale;Raul_Marquardt@gmail.com;embrace;97059;Carolina;2022-12-26
10;monitor digital Strategist;deliverables;Peggie16@hotmail.com;portal;57333;Mississippi payment fuchsia;2022-12-26
